{"AuxAudioDevice1":{"balance":0.5,"deinterlace_field_order":0,"deinterlace_mode":0,"enabled":true,"flags":0,"hotkeys":{"libobs.mute":[],"libobs.push-to-mute":[],"libobs.push-to-talk":[],"libobs.unmute":[]},"id":"wasapi_input_capture","mixers":255,"monitoring_type":0,"muted":false,"name":"Miktrofon / AUX","prev_ver":452984832,"private_settings":{},"push-to-mute":false,"push-to-mute-delay":0,"push-to-talk":false,"push-to-talk-delay":0,"settings":{"device_id":"{0.0.1.00000000}.{0e6b9211-94e7-4ac9-bcbe-19a332ca5c5d}"},"sync":0,"versioned_id":"wasapi_input_capture","volume":1.0},"AuxAudioDevice2":{"balance":0.5,"deinterlace_field_order":0,"deinterlace_mode":0,"enabled":true,"flags":0,"hotkeys":{"libobs.mute":[],"libobs.push-to-mute":[],"libobs.push-to-talk":[],"libobs.unmute":[]},"id":"wasapi_input_capture","mixers":255,"monitoring_type":0,"muted":true,"name":"Miktrofon / AUX 2","prev_ver":452984832,"private_settings":{},"push-to-mute":false,"push-to-mute-delay":0,"push-to-talk":false,"push-to-talk-delay":0,"settings":{"device_id":"{0.0.1.00000000}.{4f0c90de-f5bf-4e38-8270-acf79ed4f43d}"},"sync":0,"versioned_id":"wasapi_input_capture","volume":1.0},"AuxAudioDevice3":{"balance":0.5,"deinterlace_field_order":0,"deinterlace_mode":0,"enabled":true,"flags":0,"hotkeys":{"libobs.mute":[],"libobs.push-to-mute":[],"libobs.push-to-talk":[],"libobs.unmute":[]},"id":"wasapi_input_capture","mixers":255,"monitoring_type":0,"muted":false,"name":"Miktrofon / AUX 3","prev_ver":452984832,"private_settings":{},"push-to-mute":false,"push-to-mute-delay":0,"push-to-talk":false,"push-to-talk-delay":0,"settings":{"device_id":"{0.0.1.00000000}.{012b0664-a0ec-4bb7-b8d0-00fdf299781f}"},"sync":0,"versioned_id":"wasapi_input_capture","volume":1.0},"DesktopAudioDevice1":{"balance":0.5,"deinterlace_field_order":0,"deinterlace_mode":0,"enabled":true,"flags":0,"hotkeys":{"libobs.mute":[],"libobs.push-to-mute":[],"libobs.push-to-talk":[],"libobs.unmute":[]},"id":"wasapi_output_capture","mixers":255,"monitoring_type":0,"muted":true,"name":"Zvuk plochy","prev_ver":452984832,"private_settings":{},"push-to-mute":false,"push-to-mute-delay":0,"push-to-talk":false,"push-to-talk-delay":0,"settings":{"device_id":"default"},"sync":0,"versioned_id":"wasapi_output_capture","volume":1.0},"current_program_scene":"uvodni snímek","current_scene":"uvodni snímek","current_transition":"Fade","groups":[],"modules":{"auto-scene-switcher":{"active":false,"interval":300,"non_matching_scene":"","switch_if_not_matching":false,"switches":[]},"captions":{"enabled":false,"lang_id":1029,"provider":"mssapi","source":""},"decklink_captions":{"source":""},"output-timer":{"autoStartRecordTimer":false,"autoStartStreamTimer":false,"pauseRecordTimer":true,"recordTimerHours":0,"recordTimerMinutes":0,"recordTimerSeconds":30,"streamTimerHours":0,"streamTimerMinutes":0,"streamTimerSeconds":30},"scripts-tool":[{"path":"C:/Program Files/obs-studio/data/obs-plugins/frontend-tools/scripts/clock-source.lua","settings":{}},{"path":"C:/Program Files/obs-studio/data/obs-plugins/frontend-tools/scripts/countdown.lua","settings":{"duration":6,"reset_hotkey":[],"source":"Countdown"}},{"path":"C:/Program Files/obs-studio/data/obs-plugins/frontend-tools/scripts/datetime.lua","settings":{"format":"Aktuální čas: %X","source":"Clocks"}},{"path":"C:/Program Files/obs-studio/data/obs-plugins/frontend-tools/scripts/date-time.py","settings":{}},{"path":"C:/Program Files/obs-studio/data/obs-plugins/frontend-tools/scripts/instant-replay.lua","settings":{"instant_replay.trigger":[]}},{"path":"C:/Program Files/obs-studio/data/obs-plugins/frontend-tools/scripts/pause-scene.lua","settings":{}},{"path":"C:/Program Files/obs-studio/data/obs-plugins/frontend-tools/scripts/url-text.py","settings":{}}]},"name":"astroudalosti","preview_locked":false,"quick_transitions":[],"saved_projectors":[],"scaling_enabled":false,"scaling_level":0,"scaling_off_x":0.0,"scaling_off_y":0.0,"scene_order":[{"name":"uvodni snímek"},{"name":"uvod-hudba-obr"},{"name":"PowerPoint"},{"name":"kamera LiveGamer"},{"name":"kamera 2"},{"name":"full"},{"name":"full+webkamera"},{"name":"video uvod"},{"name":"SharpCap-Orion"},{"name":"SharpCap ED80"},{"name":"Video SER"},{"name":"obrázková-prezentace"},{"name":"webkamera"},{"name":"scratch"}],"sources":[{"balance":0.5,"deinterlace_field_order":0,"deinterlace_mode":0,"enabled":true,"flags":0,"hotkeys":{},"id":"text_gdiplus","mixers":0,"monitoring_type":0,"muted":false,"name":"Countdown note","prev_ver":452984832,"private_settings":{},"push-to-mute":false,"push-to-mute-delay":0,"push-to-talk":false,"push-to-talk-delay":0,"settings":{"text":"Začínáme za:"},"sync":0,"versioned_id":"text_gdiplus_v2","volume":1.0},{"balance":0.5,"deinterlace_field_order":0,"deinterlace_mode":0,"enabled":true,"flags":0,"hotkeys":{},"id":"window_capture","mixers":0,"monitoring_type":0,"muted":false,"name":"Edge","prev_ver":452984832,"private_settings":{},"push-to-mute":false,"push-to-mute-delay":0,"push-to-talk":false,"push-to-talk-delay":0,"settings":{"client_area":true,"compatibility":false,"cursor":true,"method":0,"window":"Untitled-2 on Scratch – Pracovní – Microsoft​ Edge:Chrome_WidgetWin_1:msedge.exe"},"sync":0,"versioned_id":"window_capture","volume":1.0},{"balance":0.5,"deinterlace_field_order":0,"deinterlace_mode":0,"enabled":true,"flags":0,"hotkeys":{"OBSBasic.SelectScene":[],"libobs.hide_scene_item.Edge":[],"libobs.show_scene_item.Edge":[]},"id":"scene","mixers":0,"monitoring_type":0,"muted":false,"name":"scratch","prev_ver":452984832,"private_settings":{},"push-to-mute":false,"push-to-mute-delay":0,"push-to-talk":false,"push-to-talk-delay":0,"settings":{"custom_size":false,"id_counter":1,"items":[{"align":5,"bounds":{"x":0.0,"y":0.0},"bounds_align":0,"bounds_type":0,"crop_bottom":0,"crop_left":0,"crop_right":0,"crop_top":0,"group_item_backup":false,"hide_transition":{"duration":0},"id":1,"locked":false,"name":"Edge","pos":{"x":91.0,"y":0.0},"private_settings":{},"rot":0.0,"scale":{"x":1.0,"y":1.0},"scale_filter":"disable","show_transition":{"duration":0},"visible":true}]},"sync":0,"versioned_id":"scene","volume":1.0},{"balance":0.5,"deinterlace_field_order":0,"deinterlace_mode":0,"enabled":true,"flags":0,"hotkeys":{},"id":"image_source","mixers":0,"monitoring_type":0,"muted":false,"name":"horni-lista","prev_ver":452984832,"private_settings":{},"push-to-mute":false,"push-to-mute-delay":0,"push-to-talk":false,"push-to-talk-delay":0,"settings":{"file":"D:/#stream/astro/prouzek.jpg"},"sync":0,"versioned_id":"image_source","volume":1.0},{"balance":0.5,"deinterlace_field_order":0,"deinterlace_mode":0,"enabled":true,"flags":0,"hotkeys":{"MediaSource.Pause":[],"MediaSource.Play":[],"MediaSource.Restart":[],"MediaSource.Stop":[],"libobs.mute":[],"libobs.push-to-mute":[],"libobs.push-to-talk":[],"libobs.unmute":[]},"id":"ffmpeg_source","mixers":255,"monitoring_type":2,"muted":false,"name":"Médium","prev_ver":452984832,"private_settings":{},"push-to-mute":false,"push-to-mute-delay":0,"push-to-talk":false,"push-to-talk-delay":0,"settings":{"local_file":"C:/Users/gembec/Documents/Astronomické události/2021/dalekohledy/dalekohledy-apríl.avi"},"sync":0,"versioned_id":"ffmpeg_source","volume":1.0},{"balance":0.5,"deinterlace_field_order":0,"deinterlace_mode":0,"enabled":true,"flags":0,"hotkeys":{"OBSBasic.SelectScene":[],"libobs.hide_scene_item.Médium":[],"libobs.show_scene_item.Médium":[]},"id":"scene","mixers":0,"monitoring_type":0,"muted":false,"name":"video uvod","prev_ver":452984832,"private_settings":{},"push-to-mute":false,"push-to-mute-delay":0,"push-to-talk":false,"push-to-talk-delay":0,"settings":{"custom_size":false,"id_counter":1,"items":[{"align":5,"bounds":{"x":0.0,"y":0.0},"bounds_align":0,"bounds_type":0,"crop_bottom":0,"crop_left":0,"crop_right":0,"crop_top":0,"group_item_backup":false,"hide_transition":{"duration":0},"id":1,"locked":false,"name":"Médium","pos":{"x":0.0,"y":0.0},"private_settings":{},"rot":0.0,"scale":{"x":1.0,"y":1.0},"scale_filter":"disable","show_transition":{"duration":0},"visible":true}]},"sync":0,"versioned_id":"scene","volume":1.0},{"balance":0.5,"deinterlace_field_order":0,"deinterlace_mode":0,"enabled":true,"flags":0,"hotkeys":{"OBSBasic.SelectScene":[],"libobs.hide_scene_item.Zařízení pro záznam obrazu":[],"libobs.show_scene_item.Zařízení pro záznam obrazu":[]},"id":"scene","mixers":0,"monitoring_type":0,"muted":false,"name":"webkamera","prev_ver":452984832,"private_settings":{},"push-to-mute":false,"push-to-mute-delay":0,"push-to-talk":false,"push-to-talk-delay":0,"settings":{"custom_size":false,"id_counter":4,"items":[{"align":5,"bounds":{"x":0.0,"y":0.0},"bounds_align":0,"bounds_type":0,"crop_bottom":0,"crop_left":0,"crop_right":0,"crop_top":0,"group_item_backup":false,"hide_transition":{"duration":0},"id":3,"locked":false,"name":"Zařízení pro záznam obrazu","pos":{"x":0.0,"y":0.0},"private_settings":{},"rot":0.0,"scale":{"x":1.5,"y":1.5},"scale_filter":"disable","show_transition":{"duration":0},"visible":true}]},"sync":0,"versioned_id":"scene","volume":1.0},{"balance":0.5,"deinterlace_field_order":0,"deinterlace_mode":0,"enabled":true,"flags":0,"hotkeys":{},"id":"text_gdiplus","mixers":0,"monitoring_type":0,"muted":false,"name":"Text (GDI+) 4","prev_ver":452984832,"private_settings":{},"push-to-mute":false,"push-to-mute-delay":0,"push-to-talk":false,"push-to-talk-delay":0,"settings":{"align":"right","font":{"face":"Arial","flags":0,"size":72,"style":"obyčejné"},"text":"záznam z kamery\nna dalekohledu"},"sync":0,"versioned_id":"text_gdiplus_v2","volume":1.0},{"balance":0.5,"deinterlace_field_order":0,"deinterlace_mode":0,"enabled":true,"flags":0,"hotkeys":{},"id":"window_capture","mixers":0,"monitoring_type":0,"muted":false,"name":"Záznam okna 2","prev_ver":452984832,"private_settings":{},"push-to-mute":false,"push-to-mute-delay":0,"push-to-talk":false,"push-to-talk-delay":0,"settings":{"window":"10_55_54.ser - SER Player:Qt5QWindowIcon:ser-player.exe"},"sync":0,"versioned_id":"window_capture","volume":1.0},{"balance":0.5,"deinterlace_field_order":0,"deinterlace_mode":0,"enabled":true,"flags":0,"hotkeys":{"OBSBasic.SelectScene":[],"libobs.hide_scene_item.Text (GDI+) 4":[],"libobs.hide_scene_item.Záznam okna 2":[],"libobs.show_scene_item.Text (GDI+) 4":[],"libobs.show_scene_item.Záznam okna 2":[]},"id":"scene","mixers":0,"monitoring_type":0,"muted":false,"name":"Video SER","prev_ver":452984832,"private_settings":{},"push-to-mute":false,"push-to-mute-delay":0,"push-to-talk":false,"push-to-talk-delay":0,"settings":{"custom_size":false,"id_counter":2,"items":[{"align":5,"bounds":{"x":0.0,"y":0.0},"bounds_align":0,"bounds_type":0,"crop_bottom":0,"crop_left":0,"crop_right":0,"crop_top":0,"group_item_backup":false,"hide_transition":{"duration":0},"id":1,"locked":false,"name":"Záznam okna 2","pos":{"x":242.0,"y":-39.0},"private_settings":{},"rot":0.0,"scale":{"x":1.2622807025909424,"y":1.2624481916427612},"scale_filter":"disable","show_transition":{"duration":0},"visible":true},{"align":5,"bounds":{"x":0.0,"y":0.0},"bounds_align":0,"bounds_type":0,"crop_bottom":0,"crop_left":0,"crop_right":0,"crop_top":0,"group_item_backup":false,"hide_transition":{"duration":0},"id":2,"locked":false,"name":"Text (GDI+) 4","pos":{"x":1367.0,"y":20.0},"private_settings":{},"rot":0.0,"scale":{"x":0.56923079490661621,"y":0.56756758689880371},"scale_filter":"disable","show_transition":{"duration":0},"visible":true}]},"sync":0,"versioned_id":"scene","volume":1.0},{"balance":0.5,"deinterlace_field_order":0,"deinterlace_mode":0,"enabled":true,"flags":0,"hotkeys":{"OBSBasic.SelectScene":[],"libobs.hide_scene_item.Obrázek 2":[],"libobs.hide_scene_item.Text (GDI+) 2":[],"libobs.hide_scene_item.Zařízení pro záznam obrazu":[],"libobs.hide_scene_item.Záznam obrazovky 3":[],"libobs.show_scene_item.Obrázek 2":[],"libobs.show_scene_item.Text (GDI+) 2":[],"libobs.show_scene_item.Zařízení pro záznam obrazu":[],"libobs.show_scene_item.Záznam obrazovky 3":[]},"id":"scene","mixers":0,"monitoring_type":0,"muted":false,"name":"full+webkamera","prev_ver":452984832,"private_settings":{},"push-to-mute":false,"push-to-mute-delay":0,"push-to-talk":false,"push-to-talk-delay":0,"settings":{"custom_size":false,"id_counter":8,"items":[{"align":5,"bounds":{"x":0.0,"y":0.0},"bounds_align":0,"bounds_type":0,"crop_bottom":0,"crop_left":0,"crop_right":0,"crop_top":0,"group_item_backup":false,"hide_transition":{"duration":0},"id":4,"locked":false,"name":"Záznam obrazovky 3","pos":{"x":0.0,"y":0.0},"private_settings":{},"rot":0.0,"scale":{"x":1.0,"y":1.0},"scale_filter":"disable","show_transition":{"duration":0},"visible":true},{"align":5,"bounds":{"x":0.0,"y":0.0},"bounds_align":0,"bounds_type":0,"crop_bottom":0,"crop_left":0,"crop_right":0,"crop_top":0,"group_item_backup":false,"hide_transition":{"duration":0},"id":6,"locked":false,"name":"Obrázek 2","pos":{"x":1552.0,"y":683.0},"private_settings":{},"rot":0.0,"scale":{"x":0.89510488510131836,"y":0.89417988061904907},"scale_filter":"disable","show_transition":{"duration":0},"visible":true},{"align":5,"bounds":{"x":0.0,"y":0.0},"bounds_align":0,"bounds_type":0,"crop_bottom":0,"crop_left":0,"crop_right":0,"crop_top":0,"group_item_backup":false,"hide_transition":{"duration":0},"id":3,"locked":false,"name":"Zařízení pro záznam obrazu","pos":{"x":1576.0,"y":810.0},"private_settings":{},"rot":0.0,"scale":{"x":0.26249998807907104,"y":0.26249998807907104},"scale_filter":"disable","show_transition":{"duration":0},"visible":true},{"align":5,"bounds":{"x":0.0,"y":0.0},"bounds_align":0,"bounds_type":0,"crop_bottom":0,"crop_left":0,"crop_right":0,"crop_top":0,"group_item_backup":false,"hide_transition":{"duration":0},"id":5,"locked":false,"name":"Text (GDI+) 2","pos":{"x":1576.0,"y":697.0},"private_settings":{},"rot":0.0,"scale":{"x":0.20996217429637909,"y":0.21022726595401764},"scale_filter":"disable","show_transition":{"duration":0},"visible":true}]},"sync":0,"versioned_id":"scene","volume":1.0},{"balance":0.5,"deinterlace_field_order":0,"deinterlace_mode":0,"enabled":true,"flags":0,"hotkeys":{"OBSBasic.SelectScene":[],"libobs.hide_scene_item.Obrázek":[],"libobs.hide_scene_item.Text (GDI+)":[],"libobs.hide_scene_item.uvodni hudba":[],"libobs.hide_scene_item.uvodni prezentace":[],"libobs.show_scene_item.Obrázek":[],"libobs.show_scene_item.Text (GDI+)":[],"libobs.show_scene_item.uvodni hudba":[],"libobs.show_scene_item.uvodni prezentace":[]},"id":"scene","mixers":0,"monitoring_type":0,"muted":false,"name":"uvod-hudba-obr","prev_ver":452984832,"private_settings":{},"push-to-mute":false,"push-to-mute-delay":0,"push-to-talk":false,"push-to-talk-delay":0,"settings":{"custom_size":false,"id_counter":5,"items":[{"align":5,"bounds":{"x":0.0,"y":0.0},"bounds_align":0,"bounds_type":0,"crop_bottom":0,"crop_left":0,"crop_right":0,"crop_top":0,"group_item_backup":false,"hide_transition":{"duration":0},"id":2,"locked":false,"name":"uvodni prezentace","pos":{"x":0.0,"y":0.0},"private_settings":{},"rot":0.0,"scale":{"x":1.0,"y":1.0},"scale_filter":"disable","show_transition":{"duration":0},"visible":true},{"align":5,"bounds":{"x":0.0,"y":0.0},"bounds_align":0,"bounds_type":0,"crop_bottom":0,"crop_left":0,"crop_right":0,"crop_top":0,"group_item_backup":false,"hide_transition":{"duration":0},"id":3,"locked":false,"name":"uvodni hudba","pos":{"x":0.0,"y":0.0},"private_settings":{},"rot":0.0,"scale":{"x":1.0,"y":1.0},"scale_filter":"disable","show_transition":{"duration":0},"visible":true},{"align":5,"bounds":{"x":0.0,"y":0.0},"bounds_align":0,"bounds_type":0,"crop_bottom":0,"crop_left":0,"crop_right":0,"crop_top":0,"group_item_backup":false,"hide_transition":{"duration":0},"id":4,"locked":false,"name":"Obrázek","pos":{"x":61.0,"y":65.0},"private_settings":{},"rot":0.0,"scale":{"x":1.0,"y":1.0},"scale_filter":"disable","show_transition":{"duration":0},"visible":true},{"align":5,"bounds":{"x":0.0,"y":0.0},"bounds_align":0,"bounds_type":0,"crop_bottom":0,"crop_left":0,"crop_right":0,"crop_top":0,"group_item_backup":false,"hide_transition":{"duration":0},"id":5,"locked":false,"name":"Text (GDI+)","pos":{"x":31.0,"y":1019.0},"private_settings":{},"rot":0.0,"scale":{"x":1.0,"y":1.0},"scale_filter":"disable","show_transition":{"duration":0},"visible":true}]},"sync":0,"versioned_id":"scene","volume":1.0},{"balance":0.5,"deinterlace_field_order":0,"deinterlace_mode":0,"enabled":true,"flags":0,"hotkeys":{"OBSBasic.SelectScene":[],"libobs.hide_scene_item.Záznam obrazovky":[],"libobs.hide_scene_item.horni-lista":[],"libobs.hide_scene_item.spodni-pruh":[],"libobs.hide_scene_item.spodni-pruh 2":[],"libobs.show_scene_item.Záznam obrazovky":[],"libobs.show_scene_item.horni-lista":[],"libobs.show_scene_item.spodni-pruh":[],"libobs.show_scene_item.spodni-pruh 2":[]},"id":"scene","mixers":0,"monitoring_type":0,"muted":false,"name":"full","prev_ver":452984832,"private_settings":{},"push-to-mute":false,"push-to-mute-delay":0,"push-to-talk":false,"push-to-talk-delay":0,"settings":{"custom_size":false,"id_counter":4,"items":[{"align":5,"bounds":{"x":0.0,"y":0.0},"bounds_align":0,"bounds_type":0,"crop_bottom":0,"crop_left":0,"crop_right":0,"crop_top":0,"group_item_backup":false,"hide_transition":{"duration":0},"id":1,"locked":false,"name":"Záznam obrazovky","pos":{"x":0.0,"y":0.0},"private_settings":{},"rot":0.0,"scale":{"x":1.0,"y":1.0},"scale_filter":"disable","show_transition":{"duration":0},"visible":true},{"align":5,"bounds":{"x":0.0,"y":0.0},"bounds_align":0,"bounds_type":0,"crop_bottom":0,"crop_left":0,"crop_right":0,"crop_top":0,"group_item_backup":false,"hide_transition":{"duration":0},"id":4,"locked":false,"name":"spodni-pruh 2","pos":{"x":0.0,"y":75.0},"private_settings":{},"rot":0.0,"scale":{"x":1.0,"y":1.0},"scale_filter":"disable","show_transition":{"duration":0},"visible":false},{"align":5,"bounds":{"x":0.0,"y":0.0},"bounds_align":0,"bounds_type":0,"crop_bottom":0,"crop_left":0,"crop_right":0,"crop_top":0,"group_item_backup":false,"hide_transition":{"duration":0},"id":2,"locked":false,"name":"horni-lista","pos":{"x":0.0,"y":0.0},"private_settings":{},"rot":0.0,"scale":{"x":1.0,"y":1.0},"scale_filter":"disable","show_transition":{"duration":0},"visible":false},{"align":5,"bounds":{"x":0.0,"y":0.0},"bounds_align":0,"bounds_type":0,"crop_bottom":0,"crop_left":0,"crop_right":0,"crop_top":0,"group_item_backup":false,"hide_transition":{"duration":0},"id":3,"locked":false,"name":"spodni-pruh","pos":{"x":0.0,"y":1020.0},"private_settings":{},"rot":0.0,"scale":{"x":1.0,"y":1.0},"scale_filter":"disable","show_transition":{"duration":0},"visible":true}]},"sync":0,"versioned_id":"scene","volume":1.0},{"balance":0.5,"deinterlace_field_order":0,"deinterlace_mode":0,"enabled":true,"flags":0,"hotkeys":{},"id":"monitor_capture","mixers":0,"monitoring_type":0,"muted":false,"name":"Záznam obrazovky","prev_ver":452984832,"private_settings":{},"push-to-mute":false,"push-to-mute-delay":0,"push-to-talk":false,"push-to-talk-delay":0,"settings":{"capture_cursor":true},"sync":0,"versioned_id":"monitor_capture","volume":1.0},{"balance":0.5,"deinterlace_field_order":0,"deinterlace_mode":0,"enabled":true,"flags":0,"hotkeys":{"OBSBasic.SelectScene":[],"libobs.hide_scene_item.powerpoint":[],"libobs.show_scene_item.powerpoint":[]},"id":"scene","mixers":0,"monitoring_type":0,"muted":false,"name":"PowerPoint","prev_ver":452984832,"private_settings":{},"push-to-mute":false,"push-to-mute-delay":0,"push-to-talk":false,"push-to-talk-delay":0,"settings":{"custom_size":false,"id_counter":5,"items":[{"align":5,"bounds":{"x":0.0,"y":0.0},"bounds_align":0,"bounds_type":0,"crop_bottom":0,"crop_left":0,"crop_right":0,"crop_top":0,"group_item_backup":false,"hide_transition":{"duration":0},"id":5,"locked":false,"name":"powerpoint","pos":{"x":0.0,"y":0.0},"private_settings":{},"rot":0.0,"scale":{"x":1.0,"y":1.0},"scale_filter":"disable","show_transition":{"duration":0},"visible":true}]},"sync":0,"versioned_id":"scene","volume":1.0},{"balance":0.5,"deinterlace_field_order":0,"deinterlace_mode":0,"enabled":true,"flags":0,"hotkeys":{"SlideShow.NextSlide":[],"SlideShow.PlayPause":[],"SlideShow.PreviousSlide":[],"SlideShow.Restart":[],"SlideShow.Stop":[]},"id":"slideshow","mixers":0,"monitoring_type":0,"muted":false,"name":"uvodni prezentace","prev_ver":452984832,"private_settings":{},"push-to-mute":false,"push-to-mute-delay":0,"push-to-talk":false,"push-to-talk-delay":0,"settings":{"files":[{"hidden":false,"selected":false,"value":"C:/Users/gembec/Documents/Astronomické události/uvodni-obr"}],"playback_behavior":"stop_restart","slide_time":13250},"sync":0,"versioned_id":"slideshow","volume":1.0},{"balance":0.5,"deinterlace_field_order":0,"deinterlace_mode":0,"enabled":true,"flags":0,"hotkeys":{"MediaSource.Pause":[],"MediaSource.Play":[],"MediaSource.Restart":[],"MediaSource.Stop":[],"libobs.mute":[],"libobs.push-to-mute":[],"libobs.push-to-talk":[],"libobs.unmute":[]},"id":"ffmpeg_source","mixers":255,"monitoring_type":2,"muted":false,"name":"uvodni hudba","prev_ver":452984832,"private_settings":{},"push-to-mute":false,"push-to-mute-delay":0,"push-to-talk":false,"push-to-talk-delay":0,"settings":{"buffering_mb":2,"clear_on_media_end":true,"is_local_file":true,"local_file":"D:/#stream/astro/One Story.wav","looping":false,"reconnect_delay_sec":10,"restart_on_activate":true,"speed_percent":100},"sync":0,"versioned_id":"ffmpeg_source","volume":0.9001118540763855},{"balance":0.5,"deinterlace_field_order":0,"deinterlace_mode":0,"enabled":true,"flags":0,"hotkeys":{},"id":"image_source","mixers":0,"monitoring_type":0,"muted":false,"name":"Obrázek","prev_ver":452984832,"private_settings":{},"push-to-mute":false,"push-to-mute-delay":0,"push-to-talk":false,"push-to-talk-delay":0,"settings":{"file":"D:/#stream/astro/iQLANDIA_logo_white_20.png"},"sync":0,"versioned_id":"image_source","volume":1.0},{"balance":0.5,"deinterlace_field_order":0,"deinterlace_mode":0,"enabled":true,"flags":0,"hotkeys":{},"id":"text_gdiplus","mixers":0,"monitoring_type":0,"muted":false,"name":"Text (GDI+)","prev_ver":452984832,"private_settings":{},"push-to-mute":false,"push-to-mute-delay":0,"push-to-talk":false,"push-to-talk-delay":0,"settings":{"color":4288716960,"font":{"face":"Arial","flags":0,"size":36,"style":"obyčejné"},"text":"Hudba: adamvitovsky.com"},"sync":0,"versioned_id":"text_gdiplus_v2","volume":1.0},{"balance":0.5,"deinterlace_field_order":0,"deinterlace_mode":0,"enabled":true,"flags":0,"hotkeys":{"OBSBasic.SelectScene":[],"libobs.hide_scene_item.Obrázková prezentace":[],"libobs.show_scene_item.Obrázková prezentace":[]},"id":"scene","mixers":0,"monitoring_type":0,"muted":false,"name":"obrázková-prezentace","prev_ver":452984832,"private_settings":{},"push-to-mute":false,"push-to-mute-delay":0,"push-to-talk":false,"push-to-talk-delay":0,"settings":{"custom_size":false,"id_counter":1,"items":[{"align":5,"bounds":{"x":0.0,"y":0.0},"bounds_align":0,"bounds_type":0,"crop_bottom":0,"crop_left":0,"crop_right":0,"crop_top":0,"group_item_backup":false,"hide_transition":{"duration":0},"id":1,"locked":false,"name":"Obrázková prezentace","pos":{"x":0.0,"y":0.0},"private_settings":{},"rot":0.0,"scale":{"x":1.0,"y":1.0},"scale_filter":"disable","show_transition":{"duration":0},"visible":true}]},"sync":0,"versioned_id":"scene","volume":1.0},{"balance":0.5,"deinterlace_field_order":0,"deinterlace_mode":0,"enabled":true,"flags":0,"hotkeys":{"SlideShow.NextSlide":[],"SlideShow.PlayPause":[],"SlideShow.PreviousSlide":[],"SlideShow.Restart":[],"SlideShow.Stop":[]},"id":"slideshow","mixers":0,"monitoring_type":0,"muted":false,"name":"Obrázková prezentace","prev_ver":452984832,"private_settings":{},"push-to-mute":false,"push-to-mute-delay":0,"push-to-talk":false,"push-to-talk-delay":0,"settings":{"files":[{"hidden":false,"selected":false,"value":"C:/Users/gembec/Documents/Astronomické události/obr-prezentace"}],"playback_behavior":"stop_restart","slide_time":12000},"sync":0,"versioned_id":"slideshow","volume":1.0},{"balance":0.5,"deinterlace_field_order":0,"deinterlace_mode":0,"enabled":true,"flags":0,"hotkeys":{"OBSBasic.SelectScene":[],"libobs.hide_scene_item.Clocks":[],"libobs.hide_scene_item.Countdown":[],"libobs.hide_scene_item.Countdown note":[],"libobs.hide_scene_item.Záznam okna 3":[],"libobs.hide_scene_item.hudba 6min":[],"libobs.hide_scene_item.uvodni obr":[],"libobs.show_scene_item.Clocks":[],"libobs.show_scene_item.Countdown":[],"libobs.show_scene_item.Countdown note":[],"libobs.show_scene_item.Záznam okna 3":[],"libobs.show_scene_item.hudba 6min":[],"libobs.show_scene_item.uvodni obr":[]},"id":"scene","mixers":0,"monitoring_type":0,"muted":false,"name":"uvodni snímek","prev_ver":452984832,"private_settings":{},"push-to-mute":false,"push-to-mute-delay":0,"push-to-talk":false,"push-to-talk-delay":0,"settings":{"custom_size":false,"id_counter":6,"items":[{"align":5,"bounds":{"x":0.0,"y":0.0},"bounds_align":0,"bounds_type":0,"crop_bottom":0,"crop_left":0,"crop_right":0,"crop_top":0,"group_item_backup":false,"hide_transition":{"duration":0},"id":1,"locked":false,"name":"uvodni obr","pos":{"x":0.0,"y":0.0},"private_settings":{},"rot":0.0,"scale":{"x":1.1247802972793579,"y":1.125},"scale_filter":"disable","show_transition":{"duration":0},"visible":true},{"align":5,"bounds":{"x":0.0,"y":0.0},"bounds_align":0,"bounds_type":0,"crop_bottom":0,"crop_left":0,"crop_right":0,"crop_top":0,"group_item_backup":false,"hide_transition":{"duration":0},"id":2,"locked":false,"name":"hudba 6min","pos":{"x":0.0,"y":0.0},"private_settings":{},"rot":0.0,"scale":{"x":1.0,"y":1.0},"scale_filter":"disable","show_transition":{"duration":0},"visible":true},{"align":5,"bounds":{"x":0.0,"y":0.0},"bounds_align":0,"bounds_type":0,"crop_bottom":163,"crop_left":582,"crop_right":168,"crop_top":376,"group_item_backup":false,"hide_transition":{"duration":0},"id":3,"locked":false,"name":"Záznam okna 3","pos":{"x":1383.0,"y":833.0},"private_settings":{},"rot":0.0,"scale":{"x":1.3978873491287231,"y":1.3982300758361816},"scale_filter":"disable","show_transition":{"duration":0},"visible":true},{"align":5,"bounds":{"x":0.0,"y":0.0},"bounds_align":0,"bounds_type":0,"crop_bottom":0,"crop_left":0,"crop_right":0,"crop_top":0,"group_item_backup":false,"hide_transition":{"duration":0},"id":4,"locked":false,"name":"Clocks","pos":{"x":1574.53564453125,"y":1040.0},"private_settings":{},"rot":0.0,"scale":{"x":0.1517857164144516,"y":0.15151515603065491},"scale_filter":"disable","show_transition":{"duration":0},"visible":true},{"align":5,"bounds":{"x":0.0,"y":0.0},"bounds_align":0,"bounds_type":0,"crop_bottom":0,"crop_left":308,"crop_right":0,"crop_top":0,"group_item_backup":false,"hide_transition":{"duration":0},"id":5,"locked":false,"name":"Countdown","pos":{"x":1619.875,"y":893.0},"private_settings":{},"rot":0.0,"scale":{"x":0.51041668653488159,"y":0.51136362552642822},"scale_filter":"disable","show_transition":{"duration":0},"visible":true},{"align":5,"bounds":{"x":0.0,"y":0.0},"bounds_align":0,"bounds_type":0,"crop_bottom":0,"crop_left":0,"crop_right":0,"crop_top":0,"group_item_backup":false,"hide_transition":{"duration":0},"id":6,"locked":false,"name":"Countdown note","pos":{"x":930.0,"y":891.0},"private_settings":{},"rot":0.0,"scale":{"x":0.5,"y":0.5},"scale_filter":"disable","show_transition":{"duration":0},"visible":true}]},"sync":0,"versioned_id":"scene","volume":1.0},{"balance":0.5,"deinterlace_field_order":0,"deinterlace_mode":0,"enabled":true,"flags":0,"hotkeys":{},"id":"image_source","mixers":0,"monitoring_type":0,"muted":false,"name":"uvodni obr","prev_ver":452984832,"private_settings":{},"push-to-mute":false,"push-to-mute-delay":0,"push-to-talk":false,"push-to-talk-delay":0,"settings":{"file":"D:/#stream/astro/198614364_771600500183366_3358316871273586954_n.jpg"},"sync":0,"versioned_id":"image_source","volume":1.0},{"balance":0.5,"deinterlace_field_order":0,"deinterlace_mode":0,"enabled":true,"flags":0,"hotkeys":{},"id":"window_capture","mixers":0,"monitoring_type":0,"muted":false,"name":"powerpoint","prev_ver":452984832,"private_settings":{},"push-to-mute":false,"push-to-mute-delay":0,"push-to-talk":false,"push-to-talk-delay":0,"settings":{"method":2,"priority":0,"window":"Prezentace v PowerPointu  -  13.pptx:screenClass:POWERPNT.EXE"},"sync":0,"versioned_id":"window_capture","volume":1.0},{"balance":0.5,"deinterlace_field_order":0,"deinterlace_mode":0,"enabled":true,"flags":0,"hotkeys":{"libobs.mute":[],"libobs.push-to-mute":[],"libobs.push-to-talk":[],"libobs.unmute":[]},"id":"dshow_input","mixers":255,"monitoring_type":0,"muted":false,"name":"Zařízení pro záznam obrazu","prev_ver":452984832,"private_settings":{},"push-to-mute":false,"push-to-mute-delay":0,"push-to-talk":false,"push-to-talk-delay":0,"settings":{"last_video_device_id":"HD WebCam:\\\\?\\usb#22vid_0bda&pid_57f1&mi_00#226&1c8a13ae&0&0000#22{65e8773d-8f56-11d0-a3b9-00a0c9223196}\\global","video_device_id":"HD WebCam:\\\\?\\usb#22vid_0bda&pid_57f1&mi_00#226&1c8a13ae&0&0000#22{65e8773d-8f56-11d0-a3b9-00a0c9223196}\\global"},"sync":0,"versioned_id":"dshow_input","volume":1.0},{"balance":0.5,"deinterlace_field_order":0,"deinterlace_mode":0,"enabled":true,"flags":0,"hotkeys":{},"id":"monitor_capture","mixers":0,"monitoring_type":0,"muted":false,"name":"Záznam obrazovky 3","prev_ver":452984832,"private_settings":{},"push-to-mute":false,"push-to-mute-delay":0,"push-to-talk":false,"push-to-talk-delay":0,"settings":{},"sync":0,"versioned_id":"monitor_capture","volume":1.0},{"balance":0.5,"deinterlace_field_order":0,"deinterlace_mode":0,"enabled":true,"flags":0,"hotkeys":{},"id":"text_gdiplus","mixers":0,"monitoring_type":0,"muted":false,"name":"Text (GDI+) 2","prev_ver":452984832,"private_settings":{},"push-to-mute":false,"push-to-mute-delay":0,"push-to-talk":false,"push-to-talk-delay":0,"settings":{"bk_opacity":100,"text":"Martin Gembec"},"sync":0,"versioned_id":"text_gdiplus_v2","volume":1.0},{"balance":0.5,"deinterlace_field_order":0,"deinterlace_mode":0,"enabled":true,"flags":0,"hotkeys":{},"id":"image_source","mixers":0,"monitoring_type":0,"muted":false,"name":"Obrázek 2","prev_ver":452984832,"private_settings":{},"push-to-mute":false,"push-to-mute-delay":0,"push-to-talk":false,"push-to-talk-delay":0,"settings":{"file":"C:/Users/gembec/Desktop/SharpCap Captures/black.jpg"},"sync":0,"versioned_id":"image_source","volume":1.0},{"balance":0.5,"deinterlace_field_order":0,"deinterlace_mode":0,"enabled":true,"flags":0,"hotkeys":{"OBSBasic.SelectScene":[],"libobs.hide_scene_item.Obrázek 2":[],"libobs.hide_scene_item.Text (GDI+) 2":[],"libobs.hide_scene_item.Text (GDI+) 3":[],"libobs.hide_scene_item.Zařízení pro záznam obrazu":[],"libobs.hide_scene_item.Záznam okna":[],"libobs.show_scene_item.Obrázek 2":[],"libobs.show_scene_item.Text (GDI+) 2":[],"libobs.show_scene_item.Text (GDI+) 3":[],"libobs.show_scene_item.Zařízení pro záznam obrazu":[],"libobs.show_scene_item.Záznam okna":[]},"id":"scene","mixers":0,"monitoring_type":0,"muted":false,"name":"SharpCap-Orion","prev_ver":452984832,"private_settings":{},"push-to-mute":false,"push-to-mute-delay":0,"push-to-talk":false,"push-to-talk-delay":0,"settings":{"custom_size":false,"id_counter":6,"items":[{"align":5,"bounds":{"x":0.0,"y":0.0},"bounds_align":0,"bounds_type":0,"crop_bottom":0,"crop_left":0,"crop_right":0,"crop_top":0,"group_item_backup":false,"hide_transition":{"duration":0},"id":1,"locked":false,"name":"Záznam okna","pos":{"x":0.0,"y":-89.0},"private_settings":{},"rot":0.0,"scale":{"x":1.8406250476837158,"y":1.8406091928482056},"scale_filter":"disable","show_transition":{"duration":0},"visible":true},{"align":5,"bounds":{"x":0.0,"y":0.0},"bounds_align":0,"bounds_type":0,"crop_bottom":0,"crop_left":0,"crop_right":0,"crop_top":0,"group_item_backup":false,"hide_transition":{"duration":0},"id":2,"locked":false,"name":"Obrázek 2","pos":{"x":1433.0,"y":697.0},"private_settings":{},"rot":0.0,"scale":{"x":1.1351981163024902,"y":1.134920597076416},"scale_filter":"disable","show_transition":{"duration":0},"visible":true},{"align":5,"bounds":{"x":0.0,"y":0.0},"bounds_align":0,"bounds_type":0,"crop_bottom":0,"crop_left":0,"crop_right":0,"crop_top":0,"group_item_backup":false,"hide_transition":{"duration":0},"id":3,"locked":false,"name":"Zařízení pro záznam obrazu","pos":{"x":1462.0,"y":816.0},"private_settings":{},"rot":0.0,"scale":{"x":0.34140625596046448,"y":0.34166666865348816},"scale_filter":"disable","show_transition":{"duration":0},"visible":true},{"align":5,"bounds":{"x":0.0,"y":0.0},"bounds_align":0,"bounds_type":0,"crop_bottom":0,"crop_left":0,"crop_right":0,"crop_top":0,"group_item_backup":false,"hide_transition":{"duration":0},"id":4,"locked":false,"name":"Text (GDI+) 2","pos":{"x":1520.0,"y":729.0},"private_settings":{},"rot":0.0,"scale":{"x":0.20996217429637909,"y":0.21022726595401764},"scale_filter":"disable","show_transition":{"duration":0},"visible":true},{"align":5,"bounds":{"x":0.0,"y":0.0},"bounds_align":0,"bounds_type":0,"crop_bottom":0,"crop_left":0,"crop_right":0,"crop_top":0,"group_item_backup":false,"hide_transition":{"duration":0},"id":5,"locked":false,"name":"Text (GDI+) 3","pos":{"x":1447.0,"y":20.0},"private_settings":{},"rot":0.0,"scale":{"x":0.20241287350654602,"y":0.20226843655109406},"scale_filter":"disable","show_transition":{"duration":0},"visible":true}]},"sync":0,"versioned_id":"scene","volume":1.0},{"balance":0.5,"deinterlace_field_order":0,"deinterlace_mode":0,"enabled":true,"flags":0,"hotkeys":{},"id":"window_capture","mixers":0,"monitoring_type":0,"muted":false,"name":"Záznam okna","prev_ver":452984832,"private_settings":{},"push-to-mute":false,"push-to-mute-delay":0,"push-to-talk":false,"push-to-talk-delay":0,"settings":{"window":"SharpCap (v3.2.6062) - QHY5III224C - C#3A\\Users\\gembec\\Desktop\\SharpCap Captures\\2020-12-19\\Capture\\16_13_24.ser - C#3A\\Users\\gembec\\Desktop\\SharpCap Captures:WindowsForms10.Window.8.app.0.2b89eaa_r7_ad1:SharpCap.exe"},"sync":0,"versioned_id":"window_capture","volume":1.0},{"balance":0.5,"deinterlace_field_order":0,"deinterlace_mode":0,"enabled":true,"flags":0,"hotkeys":{},"id":"text_gdiplus","mixers":0,"monitoring_type":0,"muted":false,"name":"Text (GDI+) 3","prev_ver":452984832,"private_settings":{},"push-to-mute":false,"push-to-mute-delay":0,"push-to-talk":false,"push-to-talk-delay":0,"settings":{"align":"center","text":"iQLANDIA, o.p.s.\nŽivé vysílání\n\n19. 12. 2020\n\nFrýdlantsko\n\nObraz vlevo:\n\nkamera QHY5-III224c\ndalekohled Orion CT8\nohnisko 600 mm"},"sync":0,"versioned_id":"text_gdiplus_v2","volume":1.0},{"balance":0.5,"deinterlace_field_order":0,"deinterlace_mode":0,"enabled":true,"flags":0,"hotkeys":{"OBSBasic.SelectScene":[],"libobs.hide_scene_item.Obrázek 2":[],"libobs.hide_scene_item.Text (GDI+) 2":[],"libobs.hide_scene_item.Text (GDI+) 3":[],"libobs.hide_scene_item.Zařízení pro záznam obrazu":[],"libobs.hide_scene_item.Záznam okna":[],"libobs.show_scene_item.Obrázek 2":[],"libobs.show_scene_item.Text (GDI+) 2":[],"libobs.show_scene_item.Text (GDI+) 3":[],"libobs.show_scene_item.Zařízení pro záznam obrazu":[],"libobs.show_scene_item.Záznam okna":[]},"id":"scene","mixers":0,"monitoring_type":0,"muted":false,"name":"SharpCap ED80","prev_ver":452984832,"private_settings":{},"push-to-mute":false,"push-to-mute-delay":0,"push-to-talk":false,"push-to-talk-delay":0,"settings":{"custom_size":false,"id_counter":5,"items":[{"align":5,"bounds":{"x":0.0,"y":0.0},"bounds_align":0,"bounds_type":0,"crop_bottom":0,"crop_left":0,"crop_right":0,"crop_top":0,"group_item_backup":false,"hide_transition":{"duration":0},"id":5,"locked":false,"name":"Záznam okna","pos":{"x":0.0,"y":-89.0},"private_settings":{},"rot":0.0,"scale":{"x":1.8390624523162842,"y":1.8385787010192871},"scale_filter":"disable","show_transition":{"duration":0},"visible":true},{"align":5,"bounds":{"x":0.0,"y":0.0},"bounds_align":0,"bounds_type":0,"crop_bottom":0,"crop_left":0,"crop_right":0,"crop_top":0,"group_item_backup":false,"hide_transition":{"duration":0},"id":1,"locked":false,"name":"Obrázek 2","pos":{"x":1429.0,"y":681.0},"private_settings":{},"rot":0.0,"scale":{"x":1.1445221900939941,"y":1.1455026865005493},"scale_filter":"disable","show_transition":{"duration":0},"visible":true},{"align":5,"bounds":{"x":0.0,"y":0.0},"bounds_align":0,"bounds_type":0,"crop_bottom":0,"crop_left":0,"crop_right":0,"crop_top":0,"group_item_backup":false,"hide_transition":{"duration":0},"id":2,"locked":false,"name":"Zařízení pro záznam obrazu","pos":{"x":1464.0,"y":809.0},"private_settings":{},"rot":0.0,"scale":{"x":0.33828124403953552,"y":0.33888888359069824},"scale_filter":"disable","show_transition":{"duration":0},"visible":true},{"align":5,"bounds":{"x":0.0,"y":0.0},"bounds_align":0,"bounds_type":0,"crop_bottom":0,"crop_left":0,"crop_right":0,"crop_top":0,"group_item_backup":false,"hide_transition":{"duration":0},"id":3,"locked":false,"name":"Text (GDI+) 2","pos":{"x":1523.0,"y":736.60113525390625},"private_settings":{},"rot":0.0,"scale":{"x":0.20241287350654602,"y":0.20226843655109406},"scale_filter":"disable","show_transition":{"duration":0},"visible":true},{"align":5,"bounds":{"x":0.0,"y":0.0},"bounds_align":0,"bounds_type":0,"crop_bottom":0,"crop_left":0,"crop_right":0,"crop_top":0,"group_item_backup":false,"hide_transition":{"duration":0},"id":4,"locked":false,"name":"Text (GDI+) 3","pos":{"x":1446.0,"y":19.0},"private_settings":{},"rot":0.0,"scale":{"x":0.20241287350654602,"y":0.20226843655109406},"scale_filter":"disable","show_transition":{"duration":0},"visible":true}]},"sync":0,"versioned_id":"scene","volume":1.0},{"balance":0.5,"deinterlace_field_order":0,"deinterlace_mode":0,"enabled":true,"flags":0,"hotkeys":{"OBSBasic.SelectScene":[],"libobs.hide_scene_item.Text (GDI+) 5":[],"libobs.hide_scene_item.kamera":[],"libobs.show_scene_item.Text (GDI+) 5":[],"libobs.show_scene_item.kamera":[]},"id":"scene","mixers":0,"monitoring_type":0,"muted":false,"name":"kamera LiveGamer","prev_ver":452984832,"private_settings":{},"push-to-mute":false,"push-to-mute-delay":0,"push-to-talk":false,"push-to-talk-delay":0,"settings":{"custom_size":false,"id_counter":2,"items":[{"align":5,"bounds":{"x":0.0,"y":0.0},"bounds_align":0,"bounds_type":0,"crop_bottom":0,"crop_left":0,"crop_right":0,"crop_top":0,"group_item_backup":false,"hide_transition":{"duration":0},"id":1,"locked":false,"name":"kamera","pos":{"x":0.0,"y":0.0},"private_settings":{},"rot":0.0,"scale":{"x":1.0,"y":1.0},"scale_filter":"disable","show_transition":{"duration":0},"visible":true},{"align":5,"bounds":{"x":0.0,"y":0.0},"bounds_align":0,"bounds_type":0,"crop_bottom":0,"crop_left":0,"crop_right":0,"crop_top":0,"group_item_backup":false,"hide_transition":{"duration":0},"id":2,"locked":false,"name":"Text (GDI+) 5","pos":{"x":1133.0,"y":989.0},"private_settings":{},"rot":0.0,"scale":{"x":2.2848484516143799,"y":2.2857143878936768},"scale_filter":"disable","show_transition":{"duration":0},"visible":false}]},"sync":0,"versioned_id":"scene","volume":1.0},{"balance":0.5,"deinterlace_field_order":0,"deinterlace_mode":0,"enabled":true,"flags":0,"hotkeys":{"libobs.mute":[],"libobs.push-to-mute":[],"libobs.push-to-talk":[],"libobs.unmute":[]},"id":"dshow_input","mixers":255,"monitoring_type":0,"muted":false,"name":"kamera","prev_ver":452984832,"private_settings":{},"push-to-mute":false,"push-to-mute-delay":0,"push-to-talk":false,"push-to-talk-delay":0,"settings":{"active":true,"last_video_device_id":"Live Gamer Mini:\\\\?\\usb#22vid_07ca&pid_1311&mi_00#226&170ca2e1&0&0000#22{65e8773d-8f56-11d0-a3b9-00a0c9223196}\\global","video_device_id":"Live Gamer Mini:\\\\?\\usb#22vid_07ca&pid_1311&mi_00#226&170ca2e1&0&0000#22{65e8773d-8f56-11d0-a3b9-00a0c9223196}\\global"},"sync":0,"versioned_id":"dshow_input","volume":1.0},{"balance":0.5,"deinterlace_field_order":0,"deinterlace_mode":0,"enabled":true,"flags":0,"hotkeys":{},"id":"text_gdiplus","mixers":0,"monitoring_type":0,"muted":false,"name":"Text (GDI+) 5","prev_ver":452984832,"private_settings":{},"push-to-mute":false,"push-to-mute-delay":0,"push-to-talk":false,"push-to-talk-delay":0,"settings":{"font":{"face":"Arial","flags":0,"size":28,"style":"obyčejné"},"text":"Živě 19.12. 2020: Frýdlantsko"},"sync":0,"versioned_id":"text_gdiplus_v2","volume":1.0},{"balance":0.5,"deinterlace_field_order":0,"deinterlace_mode":0,"enabled":true,"flags":0,"hotkeys":{},"id":"image_source","mixers":0,"monitoring_type":0,"muted":false,"name":"spodni-pruh","prev_ver":452984832,"private_settings":{},"push-to-mute":false,"push-to-mute-delay":0,"push-to-talk":false,"push-to-talk-delay":0,"settings":{"file":"D:/#stream/astro/prouzek-dolni.jpg"},"sync":0,"versioned_id":"image_source","volume":1.0},{"balance":0.5,"deinterlace_field_order":0,"deinterlace_mode":0,"enabled":true,"flags":0,"hotkeys":{"OBSBasic.SelectScene":[],"libobs.hide_scene_item.live2":[],"libobs.show_scene_item.live2":[]},"id":"scene","mixers":0,"monitoring_type":0,"muted":false,"name":"kamera 2","prev_ver":452984832,"private_settings":{},"push-to-mute":false,"push-to-mute-delay":0,"push-to-talk":false,"push-to-talk-delay":0,"settings":{"custom_size":false,"id_counter":1,"items":[{"align":5,"bounds":{"x":0.0,"y":0.0},"bounds_align":0,"bounds_type":0,"crop_bottom":0,"crop_left":0,"crop_right":0,"crop_top":0,"group_item_backup":false,"hide_transition":{"duration":0},"id":1,"locked":false,"name":"live2","pos":{"x":0.0,"y":0.0},"private_settings":{},"rot":0.0,"scale":{"x":1.0,"y":1.0},"scale_filter":"disable","show_transition":{"duration":0},"visible":true}]},"sync":0,"versioned_id":"scene","volume":1.0},{"balance":0.5,"deinterlace_field_order":0,"deinterlace_mode":0,"enabled":true,"flags":0,"hotkeys":{"libobs.mute":[],"libobs.push-to-mute":[],"libobs.push-to-talk":[],"libobs.unmute":[]},"id":"dshow_input","mixers":255,"monitoring_type":0,"muted":true,"name":"live2","prev_ver":452984832,"private_settings":{},"push-to-mute":false,"push-to-mute-delay":0,"push-to-talk":false,"push-to-talk-delay":0,"settings":{"active":true,"last_video_device_id":"Live Gamer Mini:\\\\?\\usb#22vid_07ca&pid_1311&mi_00#226&130d31d&0&0000#22{65e8773d-8f56-11d0-a3b9-00a0c9223196}\\global","video_device_id":"Live Gamer Mini:\\\\?\\usb#22vid_07ca&pid_1311&mi_00#226&130d31d&0&0000#22{65e8773d-8f56-11d0-a3b9-00a0c9223196}\\global"},"sync":0,"versioned_id":"dshow_input","volume":1.0},{"balance":0.5,"deinterlace_field_order":0,"deinterlace_mode":0,"enabled":true,"flags":0,"hotkeys":{"MediaSource.Pause":[],"MediaSource.Play":[],"MediaSource.Restart":[],"MediaSource.Stop":[],"libobs.mute":[],"libobs.push-to-mute":[],"libobs.push-to-talk":[],"libobs.unmute":[]},"id":"ffmpeg_source","mixers":255,"monitoring_type":2,"muted":false,"name":"hudba 6min","prev_ver":452984832,"private_settings":{},"push-to-mute":false,"push-to-mute-delay":0,"push-to-talk":false,"push-to-talk-delay":0,"settings":{"buffering_mb":2,"clear_on_media_end":true,"is_local_file":true,"local_file":"D:/#stream/astro/Lonely Man - Ocean.wav","looping":false,"reconnect_delay_sec":10,"restart_on_activate":true,"speed_percent":100},"sync":0,"versioned_id":"ffmpeg_source","volume":1.0},{"balance":0.5,"deinterlace_field_order":0,"deinterlace_mode":0,"enabled":true,"flags":0,"hotkeys":{},"id":"image_source","mixers":0,"monitoring_type":0,"muted":false,"name":"spodni-pruh 2","prev_ver":452984832,"private_settings":{},"push-to-mute":false,"push-to-mute-delay":0,"push-to-talk":false,"push-to-talk-delay":0,"settings":{"file":"D:/#stream/astro/prouzek-dolni.jpg"},"sync":0,"versioned_id":"image_source","volume":1.0},{"balance":0.5,"deinterlace_field_order":0,"deinterlace_mode":0,"enabled":true,"flags":0,"hotkeys":{},"id":"window_capture","mixers":0,"monitoring_type":0,"muted":false,"name":"Záznam okna 3","prev_ver":452984832,"private_settings":{},"push-to-mute":false,"push-to-mute-delay":0,"push-to-talk":false,"push-to-talk-delay":0,"settings":{"window":"Classroomscreen a 2 další stránky – Pracovní – Microsoft​ Edge:Chrome_WidgetWin_1:msedge.exe"},"sync":0,"versioned_id":"window_capture","volume":1.0},{"balance":0.5,"deinterlace_field_order":0,"deinterlace_mode":0,"enabled":true,"flags":0,"hotkeys":{},"id":"text_gdiplus","mixers":0,"monitoring_type":0,"muted":false,"name":"Clocks","prev_ver":452984832,"private_settings":{},"push-to-mute":false,"push-to-mute-delay":0,"push-to-talk":false,"push-to-talk-delay":0,"settings":{"text":"Aktuální čas: 22:55:23"},"sync":0,"versioned_id":"text_gdiplus_v2","volume":1.0},{"balance":0.5,"deinterlace_field_order":0,"deinterlace_mode":0,"enabled":true,"flags":0,"hotkeys":{},"id":"text_gdiplus","mixers":0,"monitoring_type":0,"muted":false,"name":"Countdown","prev_ver":452984832,"private_settings":{},"push-to-mute":false,"push-to-mute-delay":0,"push-to-talk":false,"push-to-talk-delay":0,"settings":{"text":"00:04:05"},"sync":0,"versioned_id":"text_gdiplus_v2","volume":1.0}],"transition_duration":300,"transitions":[]}