{
	"credit": "Made with Blockbench",
	"parent": "spruce_stairs",
	"texture_size": [32, 32],
	"textures": {
		"0": "block/brown_wool",
		"1": "block/spruce_planks",
		"particle": "block/spruce_planks"
	},
	"elements": [
		{
			"from": [0, 0, 0],
			"to": [16, 8, 16],
			"rotation": {"angle": 0, "axis": "y", "origin": [8, 7, 8]},
			"faces": {
				"north": {"uv": [0, 0, 16, 8], "texture": "#1"},
				"east": {"uv": [0, 0, 16, 8], "texture": "#1"},
				"south": {"uv": [0, 0, 16, 8], "texture": "#1"},
				"west": {"uv": [0, 0, 16, 8], "texture": "#1"},
				"up": {"uv": [0, 0, 16, 16], "rotation": 270, "texture": "#1"},
				"down": {"uv": [0, 0, 16, 16], "rotation": 90, "texture": "#1"}
			}
		},
		{
			"from": [8, 8, 0],
			"to": [16, 16, 16],
			"rotation": {"angle": 0, "axis": "y", "origin": [16, 15, 8]},
			"faces": {
				"north": {"uv": [0, 0, 8, 8], "texture": "#1"},
				"east": {"uv": [0, 0, 16, 8], "texture": "#1"},
				"south": {"uv": [0, 0, 8, 8], "texture": "#1"},
				"west": {"uv": [0, 0, 16, 8], "texture": "#1"},
				"up": {"uv": [0, 0, 16, 8], "rotation": 270, "texture": "#1"},
				"down": {"uv": [0, 0, 16, 8], "rotation": 90, "texture": "#missing"}
			}
		},
		{
			"from": [0.5, 11.5, 0.5],
			"to": [8.5, 13.5, 2.5],
			"rotation": {"angle": 0, "axis": "y", "origin": [8, 19, -5]},
			"faces": {
				"north": {"uv": [0, 0, 8, 2], "texture": "#0"},
				"east": {"uv": [0, 0, 2, 2], "texture": "#missing"},
				"south": {"uv": [0, 0, 8, 2], "texture": "#0"},
				"west": {"uv": [0, 14, 2, 16], "texture": "#0"},
				"up": {"uv": [0, 8, 2, 16], "rotation": 270, "texture": "#0"},
				"down": {"uv": [0, 0, 2, 8], "rotation": 90, "texture": "#0"}
			}
		},
		{
			"from": [0.5, 11.5, 13.5],
			"to": [8.5, 13.5, 15.5],
			"rotation": {"angle": 0, "axis": "y", "origin": [8, 8, 21]},
			"faces": {
				"north": {"uv": [0, 0, 8, 2], "texture": "#0"},
				"east": {"uv": [0, 0, 2, 2], "texture": "#missing"},
				"south": {"uv": [0, 0, 8, 2], "texture": "#0"},
				"west": {"uv": [0, 0, 2, 2], "texture": "#0"},
				"up": {"uv": [0, 8, 2, 16], "rotation": 270, "texture": "#0"},
				"down": {"uv": [0, 0, 2, 8], "rotation": 90, "texture": "#0"}
			}
		},
		{
			"from": [0.5, 10.5, 0.5],
			"to": [2.5, 11.5, 2.5],
			"rotation": {"angle": 0, "axis": "y", "origin": [-5, 18, 8]},
			"faces": {
				"north": {"uv": [0, 0, 1, 0.5], "texture": "#0"},
				"east": {"uv": [0, 0, 1, 0.5], "texture": "#0"},
				"south": {"uv": [0, 0, 1, 0.5], "texture": "#0"},
				"west": {"uv": [0, 0, 1, 0.5], "texture": "#0"},
				"up": {"uv": [0, 0, 1, 1], "rotation": 90, "texture": "#missing"},
				"down": {"uv": [0, 0, 1, 1], "rotation": 270, "texture": "#0"}
			}
		},
		{
			"from": [0.5, 10.5, 13.5],
			"to": [2.5, 11.5, 15.5],
			"rotation": {"angle": 0, "axis": "y", "origin": [-5, 17, 21]},
			"faces": {
				"north": {"uv": [0, 0, 1, 0.5], "texture": "#0"},
				"east": {"uv": [0, 0, 1, 0.5], "texture": "#0"},
				"south": {"uv": [0, 0, 1, 0.5], "texture": "#0"},
				"west": {"uv": [0, 0, 1, 0.5], "texture": "#0"},
				"up": {"uv": [0, 0, 1, 1], "rotation": 90, "texture": "#missing"},
				"down": {"uv": [0, 0, 1, 1], "rotation": 270, "texture": "#0"}
			}
		}
	]
}