{
	"credit": "Made with Blockbench",
	"textures": {
		"0": "playing_cards/hearts/10",
		"1": "playing_cards/edges",
		"2": "playing_cards/back",
		"particle": "playing_cards/hearts/10"
	},
	"elements": [
		{
			"from": [2.25, 0, 0],
			"to": [13.75, 0.1, 16],
			"rotation": {"angle": 0, "axis": "y", "origin": [10.25, 8, 8]},
			"faces": {
				"north": {"uv": [0, 0, 11.5, 0.1], "texture": "#1"},
				"east": {"uv": [0, 0, 16, 0.1], "texture": "#1"},
				"south": {"uv": [0, 0, 11.5, 0.1], "texture": "#1"},
				"west": {"uv": [0, 0, 16, 0.1], "texture": "#1"},
				"up": {"uv": [0, 0, 11.566, 16], "texture": "#0"},
				"down": {"uv": [0, 0, 11.566, 16], "texture": "#2"}
			}
		}
	],
	"display": {
		"firstperson_righthand": {
			"rotation": [0, 45, 0],
			"scale": [0.4, 0.4, 0.4]
		},
		"ground": {
			"scale": [0.25, 0.25, 0.25]
		},
		"gui": {
			"rotation": [30, 45, 0],
			"scale": [0.64, 0.64, 0.64]
		},
		"head": {
			"rotation": [0, 0, 90],
			"translation": [0, -27.15, 0],
			"scale": [2, 2, 2]
		}
	}
}