{"renderMethod":"DEFAULT","encodingPreset":"PNG","videoWidth":15360,"videoHeight":8640,"framesPerSecond":60,"bitRate":20971520,"outputFile":"C:\\Users\\user\\Twitch\\Minecraft\\Instances\\1.17.1\\screenshots","renderNameTags":true,"stabilizeYaw":false,"stabilizePitch":false,"stabilizeRoll":false,"sphericalFovX":360,"sphericalFovY":180,"injectSphericalMetadata":false,"depthMap":false,"cameraPathExport":false,"antiAliasing":"NONE","exportCommand":"","exportArguments":"","exportArgumentsBgra":"","highPerformance":false}