{
    "parent": "item/generated",
    "textures": {
        "layer0": "item/egg"
    },
    "overrides": [
		{"predicate": {"custom_model_data": 1},"model": "item/playing_cards/hearts/a"},
		{"predicate": {"custom_model_data": 2},"model": "item/playing_cards/hearts/2"},
		{"predicate": {"custom_model_data": 3},"model": "item/playing_cards/hearts/3"},
		{"predicate": {"custom_model_data": 4},"model": "item/playing_cards/hearts/4"},
		{"predicate": {"custom_model_data": 5},"model": "item/playing_cards/hearts/5"},
		{"predicate": {"custom_model_data": 6},"model": "item/playing_cards/hearts/6"},
		{"predicate": {"custom_model_data": 7},"model": "item/playing_cards/hearts/7"},
		{"predicate": {"custom_model_data": 8},"model": "item/playing_cards/hearts/8"},
		{"predicate": {"custom_model_data": 9},"model": "item/playing_cards/hearts/9"},
		{"predicate": {"custom_model_data": 10},"model": "item/playing_cards/hearts/10"},
		{"predicate": {"custom_model_data": 11},"model": "item/playing_cards/hearts/j"},
		{"predicate": {"custom_model_data": 12},"model": "item/playing_cards/hearts/q"},
		{"predicate": {"custom_model_data": 13},"model": "item/playing_cards/hearts/k"},
		{"predicate": {"custom_model_data": 14},"model": "item/playing_cards/clubs/a"},
		{"predicate": {"custom_model_data": 15},"model": "item/playing_cards/clubs/2"},
		{"predicate": {"custom_model_data": 16},"model": "item/playing_cards/clubs/3"},
		{"predicate": {"custom_model_data": 17},"model": "item/playing_cards/clubs/4"},
		{"predicate": {"custom_model_data": 18},"model": "item/playing_cards/clubs/5"},
		{"predicate": {"custom_model_data": 19},"model": "item/playing_cards/clubs/6"},
		{"predicate": {"custom_model_data": 20},"model": "item/playing_cards/clubs/7"},
		{"predicate": {"custom_model_data": 21},"model": "item/playing_cards/clubs/8"},
		{"predicate": {"custom_model_data": 22},"model": "item/playing_cards/clubs/9"},
		{"predicate": {"custom_model_data": 23},"model": "item/playing_cards/clubs/10"},
		{"predicate": {"custom_model_data": 24},"model": "item/playing_cards/clubs/j"},
		{"predicate": {"custom_model_data": 25},"model": "item/playing_cards/clubs/q"},
		{"predicate": {"custom_model_data": 26},"model": "item/playing_cards/clubs/k"},
		{"predicate": {"custom_model_data": 27},"model": "item/playing_cards/diamonds/a"},
		{"predicate": {"custom_model_data": 28},"model": "item/playing_cards/diamonds/2"},
		{"predicate": {"custom_model_data": 29},"model": "item/playing_cards/diamonds/3"},
		{"predicate": {"custom_model_data": 30},"model": "item/playing_cards/diamonds/4"},
		{"predicate": {"custom_model_data": 31},"model": "item/playing_cards/diamonds/5"},
		{"predicate": {"custom_model_data": 32},"model": "item/playing_cards/diamonds/6"},
		{"predicate": {"custom_model_data": 33},"model": "item/playing_cards/diamonds/7"},
		{"predicate": {"custom_model_data": 34},"model": "item/playing_cards/diamonds/8"},
		{"predicate": {"custom_model_data": 35},"model": "item/playing_cards/diamonds/9"},
		{"predicate": {"custom_model_data": 36},"model": "item/playing_cards/diamonds/10"},
		{"predicate": {"custom_model_data": 37},"model": "item/playing_cards/diamonds/j"},
		{"predicate": {"custom_model_data": 38},"model": "item/playing_cards/diamonds/q"},
		{"predicate": {"custom_model_data": 39},"model": "item/playing_cards/diamonds/k"},
		{"predicate": {"custom_model_data": 40},"model": "item/playing_cards/spades/a"},
		{"predicate": {"custom_model_data": 41},"model": "item/playing_cards/spades/2"},
		{"predicate": {"custom_model_data": 42},"model": "item/playing_cards/spades/3"},
		{"predicate": {"custom_model_data": 43},"model": "item/playing_cards/spades/4"},
		{"predicate": {"custom_model_data": 44},"model": "item/playing_cards/spades/5"},
		{"predicate": {"custom_model_data": 45},"model": "item/playing_cards/spades/6"},
		{"predicate": {"custom_model_data": 46},"model": "item/playing_cards/spades/7"},
		{"predicate": {"custom_model_data": 47},"model": "item/playing_cards/spades/8"},
		{"predicate": {"custom_model_data": 48},"model": "item/playing_cards/spades/9"},
		{"predicate": {"custom_model_data": 49},"model": "item/playing_cards/spades/10"},
		{"predicate": {"custom_model_data": 50},"model": "item/playing_cards/spades/j"},
		{"predicate": {"custom_model_data": 51},"model": "item/playing_cards/spades/q"},
		{"predicate": {"custom_model_data": 52},"model": "item/playing_cards/spades/k"},
		{"predicate": {"custom_model_data": 53},"model": "item/playing_cards/joker1"},
		{"predicate": {"custom_model_data": 54},"model": "item/playing_cards/joker2"}
	]
}