{
  "deal": {
    "sounds": [
      {
        "name": "sfx/deal",
		"stream": "false"
      }
    ]
  },
  "deck": {
    "sounds": [
      {
        "name": "sfx/deck",
		"stream": "false"
      }
    ]
  },
  "pickup": {
    "sounds": [
      {
        "name": "sfx/pickup",
		"stream": "false"
      }
    ]
  },
  "shuffle": {
    "sounds": [
      {
        "name": "sfx/shuffle",
		"stream": "false"
      }
    ]
  },
  "sort": {
    "sounds": [
      {
        "name": "sfx/sort",
		"stream": "false"
      }
    ]
  }
}