{
	"credit": "Made with Blockbench",
	"parent": "apple",
	"textures": {
		"0": "item/caramelpopcorn",
		"particle": "item/caramelpopcornparticle"
	},
	"elements": [
		{
			"from": [5, 7, 5],
			"to": [10, 15, 6],
			"rotation": {"angle": 0, "axis": "y", "origin": [17, 15, 13]},
			"faces": {
				"north": {"uv": [11, 0, 16, 8], "texture": "#0"},
				"east": {"uv": [0, 0, 1, 8], "texture": "#0"},
				"south": {"uv": [11, 0, 16, 8], "texture": "#0"},
				"west": {"uv": [1, 0, 2, 8], "texture": "#0"},
				"up": {"uv": [11, 0, 16, 1], "texture": "#0"},
				"down": {"uv": [11, 5, 16, 6], "texture": "#0"}
			}
		},
		{
			"from": [5, 7, 6],
			"to": [6, 15, 11],
			"rotation": {"angle": 0, "axis": "y", "origin": [13, 15, 14]},
			"faces": {
				"north": {"uv": [0, 0, 1, 8], "texture": "#0"},
				"east": {"uv": [0, 0, 5, 8], "texture": "#0"},
				"south": {"uv": [0, 0, 1, 8], "texture": "#0"},
				"west": {"uv": [0, 0, 5, 8], "texture": "#0"},
				"up": {"uv": [0, 0, 4, 1], "texture": "#0"},
				"down": {"uv": [0, 2, 1, 7], "texture": "#0"}
			}
		},
		{
			"from": [10, 7, 5],
			"to": [11, 15, 10],
			"rotation": {"angle": 0, "axis": "y", "origin": [18, 15, 13]},
			"faces": {
				"north": {"uv": [0, 0, 1, 8], "texture": "#0"},
				"east": {"uv": [0, 8, 5, 16], "texture": "#0"},
				"south": {"uv": [0, 0, 1, 8], "texture": "#0"},
				"west": {"uv": [0, 0, 5, 8], "texture": "#0"},
				"up": {"uv": [0, 0, 4, 1], "texture": "#0"},
				"down": {"uv": [0, 3, 1, 8], "texture": "#0"}
			}
		},
		{
			"from": [6, 7, 10],
			"to": [11, 15, 11],
			"rotation": {"angle": 0, "axis": "y", "origin": [14, 15, 18]},
			"faces": {
				"north": {"uv": [11, 1, 16, 9], "texture": "#0"},
				"east": {"uv": [0, 0, 1, 8], "texture": "#0"},
				"south": {"uv": [11, 8, 16, 16], "texture": "#0"},
				"west": {"uv": [0, 0, 1, 8], "texture": "#0"},
				"up": {"uv": [11, 0, 16, 1], "texture": "#0"},
				"down": {"uv": [11, 5, 16, 6], "texture": "#0"}
			}
		},
		{
			"from": [6, 7, 6],
			"to": [10, 8, 10],
			"rotation": {"angle": 0, "axis": "y", "origin": [14, 15, 14]},
			"faces": {
				"north": {"uv": [1, 0, 5, 1], "texture": "#0"},
				"east": {"uv": [0, 0, 4, 1], "texture": "#0"},
				"south": {"uv": [11, 0, 15, 1], "texture": "#0"},
				"west": {"uv": [0, 0, 4, 1], "texture": "#0"},
				"up": {"uv": [5, 4, 9, 8], "texture": "#0"},
				"down": {"uv": [5, 4, 9, 8], "texture": "#0"}
			}
		},
		{
			"from": [8, 11, 6],
			"to": [9, 12, 7],
			"rotation": {"angle": 0, "axis": "y", "origin": [16, 19, 14]},
			"faces": {
				"north": {"uv": [5, 0, 9, 4], "texture": "#0"},
				"east": {"uv": [0, 0, 1, 1], "texture": "#0"},
				"south": {"uv": [0, 0, 1, 1], "texture": "#0"},
				"west": {"uv": [0, 0, 1, 1], "texture": "#0"},
				"up": {"uv": [7, 0, 8, 1], "texture": "#0"},
				"down": {"uv": [0, 0, 1, 1], "texture": "#0"}
			}
		},
		{
			"from": [7, 12, 6],
			"to": [8, 13, 7],
			"rotation": {"angle": 0, "axis": "y", "origin": [15, 20, 14]},
			"faces": {
				"north": {"uv": [5, 0, 9, 4], "texture": "#0"},
				"east": {"uv": [6, 0, 7, 1], "texture": "#0"},
				"south": {"uv": [0, 0, 1, 1], "texture": "#0"},
				"west": {"uv": [0, 0, 1, 1], "texture": "#0"},
				"up": {"uv": [6, 0, 7, 1], "texture": "#0"},
				"down": {"uv": [0, 0, 1, 1], "texture": "#0"}
			}
		},
		{
			"from": [6, 11, 9],
			"to": [7, 12, 10],
			"rotation": {"angle": 0, "axis": "y", "origin": [14, 19, 17]},
			"faces": {
				"north": {"uv": [5, 0, 9, 4], "texture": "#0"},
				"east": {"uv": [0, 0, 1, 1], "texture": "#0"},
				"south": {"uv": [0, 0, 1, 1], "texture": "#0"},
				"west": {"uv": [0, 0, 1, 1], "texture": "#0"},
				"up": {"uv": [5, 3, 6, 4], "texture": "#0"},
				"down": {"uv": [0, 0, 1, 1], "texture": "#0"}
			}
		},
		{
			"from": [9, 11, 7],
			"to": [10, 12, 8],
			"rotation": {"angle": 0, "axis": "y", "origin": [17, 19, 15]},
			"faces": {
				"north": {"uv": [5, 0, 9, 4], "texture": "#0"},
				"east": {"uv": [0, 0, 1, 1], "texture": "#0"},
				"south": {"uv": [0, 0, 1, 1], "texture": "#0"},
				"west": {"uv": [0, 0, 1, 1], "texture": "#0"},
				"up": {"uv": [8, 1, 9, 2], "texture": "#0"},
				"down": {"uv": [0, 0, 1, 1], "texture": "#0"}
			}
		},
		{
			"from": [9, 12, 8],
			"to": [10, 13, 9],
			"rotation": {"angle": 0, "axis": "y", "origin": [17, 20, 16]},
			"faces": {
				"north": {"uv": [5, 0, 9, 4], "texture": "#0"},
				"east": {"uv": [0, 0, 1, 1], "texture": "#0"},
				"south": {"uv": [0, 0, 1, 1], "texture": "#0"},
				"west": {"uv": [0, 0, 1, 1], "texture": "#0"},
				"up": {"uv": [8, 2, 9, 3], "texture": "#0"},
				"down": {"uv": [0, 0, 1, 1], "texture": "#0"}
			}
		},
		{
			"from": [9, 13, 9],
			"to": [10, 14, 10],
			"rotation": {"angle": 0, "axis": "y", "origin": [17, 21, 17]},
			"faces": {
				"north": {"uv": [5, 0, 9, 4], "texture": "#0"},
				"east": {"uv": [0, 0, 1, 1], "texture": "#0"},
				"south": {"uv": [0, 0, 1, 1], "texture": "#0"},
				"west": {"uv": [0, 0, 1, 1], "texture": "#0"},
				"up": {"uv": [8, 3, 9, 4], "texture": "#0"},
				"down": {"uv": [0, 0, 1, 1], "texture": "#0"}
			}
		},
		{
			"from": [8, 13, 9],
			"to": [9, 14, 10],
			"rotation": {"angle": 0, "axis": "y", "origin": [16, 21, 17]},
			"faces": {
				"north": {"uv": [5, 0, 9, 4], "texture": "#0"},
				"east": {"uv": [0, 0, 1, 1], "texture": "#0"},
				"south": {"uv": [0, 0, 1, 1], "texture": "#0"},
				"west": {"uv": [7, 3, 8, 4], "texture": "#0"},
				"up": {"uv": [7, 3, 8, 4], "texture": "#0"},
				"down": {"uv": [0, 0, 1, 1], "texture": "#0"}
			}
		},
		{
			"from": [7, 12, 9],
			"to": [8, 13, 10],
			"rotation": {"angle": 0, "axis": "y", "origin": [15, 20, 17]},
			"faces": {
				"north": {"uv": [5, 0, 9, 4], "texture": "#0"},
				"east": {"uv": [0, 0, 1, 1], "texture": "#0"},
				"south": {"uv": [0, 0, 1, 1], "texture": "#0"},
				"west": {"uv": [6, 3, 7, 4], "texture": "#0"},
				"up": {"uv": [6, 3, 7, 4], "texture": "#0"},
				"down": {"uv": [0, 0, 1, 1], "texture": "#0"}
			}
		},
		{
			"from": [8, 12, 8],
			"to": [9, 13, 9],
			"rotation": {"angle": 0, "axis": "y", "origin": [16, 20, 16]},
			"faces": {
				"north": {"uv": [5, 0, 9, 4], "texture": "#0"},
				"east": {"uv": [0, 0, 1, 1], "texture": "#0"},
				"south": {"uv": [0, 0, 1, 1], "texture": "#0"},
				"west": {"uv": [0, 0, 1, 1], "texture": "#0"},
				"up": {"uv": [7, 2, 8, 3], "texture": "#0"},
				"down": {"uv": [0, 0, 1, 1], "texture": "#0"}
			}
		},
		{
			"from": [8, 11, 7],
			"to": [9, 12, 8],
			"rotation": {"angle": 0, "axis": "y", "origin": [16, 19, 15]},
			"faces": {
				"north": {"uv": [5, 0, 9, 4], "texture": "#0"},
				"east": {"uv": [0, 0, 1, 1], "texture": "#0"},
				"south": {"uv": [7, 1, 8, 2], "texture": "#0"},
				"west": {"uv": [0, 0, 1, 1], "texture": "#0"},
				"up": {"uv": [7, 1, 8, 2], "texture": "#0"},
				"down": {"uv": [0, 0, 1, 1], "texture": "#0"}
			}
		},
		{
			"from": [7, 13, 8],
			"to": [8, 14, 9],
			"rotation": {"angle": 0, "axis": "y", "origin": [15, 21, 16]},
			"faces": {
				"north": {"uv": [5, 0, 9, 4], "texture": "#0"},
				"east": {"uv": [6, 2, 7, 3], "texture": "#0"},
				"south": {"uv": [6, 2, 7, 3], "texture": "#0"},
				"west": {"uv": [6, 2, 7, 3], "texture": "#0"},
				"up": {"uv": [6, 2, 7, 3], "texture": "#0"},
				"down": {"uv": [0, 0, 1, 1], "texture": "#0"}
			}
		},
		{
			"from": [7, 12, 7],
			"to": [8, 13, 8],
			"rotation": {"angle": 0, "axis": "y", "origin": [15, 20, 15]},
			"faces": {
				"north": {"uv": [5, 0, 9, 4], "texture": "#0"},
				"east": {"uv": [6, 1, 7, 2], "texture": "#0"},
				"south": {"uv": [6, 1, 7, 2], "texture": "#0"},
				"west": {"uv": [6, 1, 7, 2], "texture": "#0"},
				"up": {"uv": [6, 1, 7, 2], "texture": "#0"},
				"down": {"uv": [6, 1, 7, 2], "texture": "#0"}
			}
		},
		{
			"from": [6, 12, 8],
			"to": [7, 13, 9],
			"rotation": {"angle": 0, "axis": "y", "origin": [14, 20, 16]},
			"faces": {
				"north": {"uv": [5, 0, 9, 4], "texture": "#0"},
				"east": {"uv": [5, 2, 6, 3], "texture": "#0"},
				"south": {"uv": [5, 2, 6, 3], "texture": "#0"},
				"west": {"uv": [5, 2, 6, 3], "texture": "#0"},
				"up": {"uv": [5, 2, 6, 3], "texture": "#0"},
				"down": {"uv": [0, 0, 1, 1], "texture": "#0"}
			}
		},
		{
			"from": [6, 13, 7],
			"to": [7, 14, 8],
			"rotation": {"angle": 0, "axis": "y", "origin": [14, 21, 15]},
			"faces": {
				"north": {"uv": [5, 0, 9, 4], "texture": "#0"},
				"east": {"uv": [5, 1, 6, 2], "texture": "#0"},
				"south": {"uv": [5, 1, 6, 2], "texture": "#0"},
				"west": {"uv": [5, 1, 6, 2], "texture": "#0"},
				"up": {"uv": [5, 1, 6, 2], "texture": "#0"},
				"down": {"uv": [5, 1, 6, 2], "texture": "#0"}
			}
		},
		{
			"from": [6, 13, 6],
			"to": [7, 14, 7],
			"rotation": {"angle": 0, "axis": "y", "origin": [14, 21, 14]},
			"faces": {
				"north": {"uv": [5, 0, 9, 4], "texture": "#0"},
				"east": {"uv": [5, 0, 6, 1], "texture": "#0"},
				"south": {"uv": [0, 0, 1, 1], "texture": "#0"},
				"west": {"uv": [0, 0, 1, 1], "texture": "#0"},
				"up": {"uv": [5, 0, 6, 1], "texture": "#0"},
				"down": {"uv": [0, 0, 1, 1], "texture": "#0"}
			}
		},
		{
			"from": [9, 12, 6],
			"to": [10, 13, 7],
			"rotation": {"angle": 0, "axis": "y", "origin": [17, 20, 14]},
			"faces": {
				"north": {"uv": [5, 0, 9, 4], "texture": "#0"},
				"east": {"uv": [8, 0, 9, 1], "texture": "#0"},
				"south": {"uv": [8, 0, 9, 1], "texture": "#0"},
				"west": {"uv": [8, 0, 9, 1], "texture": "#0"},
				"up": {"uv": [8, 0, 9, 1], "texture": "#0"},
				"down": {"uv": [8, 0, 9, 1], "texture": "#0"}
			}
		}
	],
	"groups": [0, 1, 2, 3, 4,
		{
			"name": "popcorn",
			"origin": [15, 8, 18],
			"children": [5, 6, 7, 8, 9, 10, 11, 12, 13, 14, 15, 16, 17, 18, 19, 20]
		}
	]
}