{
	"parent": "item/handheld",
	"textures": {
		"layer0": "item/diamond_hoe"
	},
	"overrides": [
		{ "predicate": { "damage": 0 }, "model": "item/diamond_hoe_original" },
		{ "predicate": { "damaged": 0, "damage": 0.000640614990391 }, "model": "number1/1" },
		{ "predicate": { "damaged": 0, "damage": 0.001281229980782 }, "model": "number1/2" },
		{ "predicate": { "damaged": 0, "damage": 0.001921844971172 }, "model": "number1/3" },
		{ "predicate": { "damaged": 0, "damage": 0.002562459961563 }, "model": "number1/4" },
		{ "predicate": { "damaged": 0, "damage": 0.003203074951954 }, "model": "number1/5" },
		{ "predicate": { "damaged": 0, "damage": 0.003843689942345 }, "model": "number1/6" },
		{ "predicate": { "damaged": 0, "damage": 0.004484304932735 }, "model": "number1/7" },
		{ "predicate": { "damaged": 0, "damage": 0.005124919923126 }, "model": "number1/8" },
		{ "predicate": { "damaged": 0, "damage": 0.005765534913517 }, "model": "number2/1" },
		{ "predicate": { "damaged": 0, "damage": 0.006406149903908 }, "model": "number2/2" },
		{ "predicate": { "damaged": 0, "damage": 0.007046764894299 }, "model": "number2/3" },
		{ "predicate": { "damaged": 0, "damage": 0.007687379884689 }, "model": "number2/4" },
		{ "predicate": { "damaged": 0, "damage": 0.00832799487508 }, "model": "number2/5" },
		{ "predicate": { "damaged": 0, "damage": 0.008968609865471 }, "model": "number2/6" },
		{ "predicate": { "damaged": 0, "damage": 0.009609224855862 }, "model": "number2/7" },
		{ "predicate": { "damaged": 0, "damage": 0.010249839846252 }, "model": "number2/8" },
		{ "predicate": { "damaged": 0, "damage": 0.010890454836643 }, "model": "number3/1" },
		{ "predicate": { "damaged": 0, "damage": 0.011531069827034 }, "model": "number3/2" },
		{ "predicate": { "damaged": 0, "damage": 0.012171684817425 }, "model": "number3/3" },
		{ "predicate": { "damaged": 0, "damage": 0.012812299807816 }, "model": "number3/4" },
		{ "predicate": { "damaged": 0, "damage": 0.013452914798206 }, "model": "number3/5" },
		{ "predicate": { "damaged": 0, "damage": 0.014093529788597 }, "model": "number3/6" },
		{ "predicate": { "damaged": 0, "damage": 0.014734144778988 }, "model": "number3/7" },
		{ "predicate": { "damaged": 0, "damage": 0.015374759769379 }, "model": "number3/8" },
		{ "predicate": { "damaged": 0, "damage": 0.016015374759769 }, "model": "number4/1" },
		{ "predicate": { "damaged": 0, "damage": 0.01665598975016 }, "model": "number4/2" },
		{ "predicate": { "damaged": 0, "damage": 0.017296604740551 }, "model": "number4/3" },
		{ "predicate": { "damaged": 0, "damage": 0.017937219730942 }, "model": "number4/4" },
		{ "predicate": { "damaged": 0, "damage": 0.018577834721332 }, "model": "number4/5" },
		{ "predicate": { "damaged": 0, "damage": 0.019218449711723 }, "model": "number4/6" },
		{ "predicate": { "damaged": 0, "damage": 0.019859064702114 }, "model": "number4/7" },
		{ "predicate": { "damaged": 0, "damage": 0.020499679692505 }, "model": "number4/8" },
		{ "predicate": { "damaged": 0, "damage": 0.021140294682896 }, "model": "number5/1" },
		{ "predicate": { "damaged": 0, "damage": 0.021780909673286 }, "model": "number5/2" },
		{ "predicate": { "damaged": 0, "damage": 0.022421524663677 }, "model": "number5/3" },
		{ "predicate": { "damaged": 0, "damage": 0.023062139654068 }, "model": "number5/4" },
		{ "predicate": { "damaged": 0, "damage": 0.023702754644459 }, "model": "number5/5" },
		{ "predicate": { "damaged": 0, "damage": 0.024343369634849 }, "model": "number5/6" },
		{ "predicate": { "damaged": 0, "damage": 0.02498398462524 }, "model": "number5/7" },
		{ "predicate": { "damaged": 0, "damage": 0.025624599615631 }, "model": "number5/8" },
		{ "predicate": { "damaged": 0, "damage": 0.026265214606022 }, "model": "number6/1" },
		{ "predicate": { "damaged": 0, "damage": 0.026905829596413 }, "model": "number6/2" },
		{ "predicate": { "damaged": 0, "damage": 0.027546444586803 }, "model": "number6/3" },
		{ "predicate": { "damaged": 0, "damage": 0.028187059577194 }, "model": "number6/4" },
		{ "predicate": { "damaged": 0, "damage": 0.028827674567585 }, "model": "number6/5" },
		{ "predicate": { "damaged": 0, "damage": 0.029468289557976 }, "model": "number6/6" },
		{ "predicate": { "damaged": 0, "damage": 0.030108904548366 }, "model": "number6/7" },
		{ "predicate": { "damaged": 0, "damage": 0.030749519538757 }, "model": "number6/8" },
		{ "predicate": { "damaged": 0, "damage": 0.031390134529148 }, "model": "number7/1" },
		{ "predicate": { "damaged": 0, "damage": 0.032030749519539 }, "model": "number7/2" },
		{ "predicate": { "damaged": 0, "damage": 0.03267136450993 }, "model": "number7/3" },
		{ "predicate": { "damaged": 0, "damage": 0.03331197950032 }, "model": "number7/4" },
		{ "predicate": { "damaged": 0, "damage": 0.033952594490711 }, "model": "number7/5" },
		{ "predicate": { "damaged": 0, "damage": 0.034593209481102 }, "model": "number7/6" },
		{ "predicate": { "damaged": 0, "damage": 0.035233824471493 }, "model": "number7/7" },
		{ "predicate": { "damaged": 0, "damage": 0.035874439461883 }, "model": "number7/8" },
		{ "predicate": { "damaged": 0, "damage": 0.036515054452274 }, "model": "number8/1" },
		{ "predicate": { "damaged": 0, "damage": 0.037155669442665 }, "model": "number8/2" },
		{ "predicate": { "damaged": 0, "damage": 0.037796284433056 }, "model": "number8/3" },
		{ "predicate": { "damaged": 0, "damage": 0.038436899423447 }, "model": "number8/4" },
		{ "predicate": { "damaged": 0, "damage": 0.039077514413837 }, "model": "number8/5" },
		{ "predicate": { "damaged": 0, "damage": 0.039718129404228 }, "model": "number8/6" },
		{ "predicate": { "damaged": 0, "damage": 0.040358744394619 }, "model": "number8/7" },
		{ "predicate": { "damaged": 0, "damage": 0.04099935938501 }, "model": "number8/8" },
		{ "predicate": { "damaged": 0, "damage": 0.0416399743754 }, "model": "number9/1" },
		{ "predicate": { "damaged": 0, "damage": 0.042280589365791 }, "model": "number9/2" },
		{ "predicate": { "damaged": 0, "damage": 0.042921204356182 }, "model": "number9/3" },
		{ "predicate": { "damaged": 0, "damage": 0.043561819346573 }, "model": "number9/4" },
		{ "predicate": { "damaged": 0, "damage": 0.044202434336963 }, "model": "number9/5" },
		{ "predicate": { "damaged": 0, "damage": 0.044843049327354 }, "model": "number9/6" },
		{ "predicate": { "damaged": 0, "damage": 0.045483664317745 }, "model": "number9/7" },
		{ "predicate": { "damaged": 0, "damage": 0.046124279308136 }, "model": "number9/8" },
		{ "predicate": { "damaged": 0, "damage": 0.046764894298527 }, "model": "number10/1" },
		{ "predicate": { "damaged": 0, "damage": 0.047405509288917 }, "model": "number10/2" },
		{ "predicate": { "damaged": 0, "damage": 0.048046124279308 }, "model": "number10/3" },
		{ "predicate": { "damaged": 0, "damage": 0.048686739269699 }, "model": "number10/4" },
		{ "predicate": { "damaged": 0, "damage": 0.04932735426009 }, "model": "number10/5" },
		{ "predicate": { "damaged": 0, "damage": 0.04996796925048 }, "model": "number10/6" },
		{ "predicate": { "damaged": 0, "damage": 0.050608584240871 }, "model": "number10/7" },
		{ "predicate": { "damaged": 0, "damage": 0.051249199231262 }, "model": "number10/8" },
		{ "predicate": { "damaged": 0, "damage": 0.051889814221653 }, "model": "number11/1" },
		{ "predicate": { "damaged": 0, "damage": 0.052530429212044 }, "model": "number11/2" },
		{ "predicate": { "damaged": 0, "damage": 0.053171044202434 }, "model": "number11/3" },
		{ "predicate": { "damaged": 0, "damage": 0.053811659192825 }, "model": "number11/4" },
		{ "predicate": { "damaged": 0, "damage": 0.054452274183216 }, "model": "number11/5" },
		{ "predicate": { "damaged": 0, "damage": 0.055092889173607 }, "model": "number11/6" },
		{ "predicate": { "damaged": 0, "damage": 0.055733504163997 }, "model": "number11/7" },
		{ "predicate": { "damaged": 0, "damage": 0.056374119154388 }, "model": "number11/8" },
		{ "predicate": { "damaged": 0, "damage": 0.057014734144779 }, "model": "number12/1" },
		{ "predicate": { "damaged": 0, "damage": 0.05765534913517 }, "model": "number12/2" },
		{ "predicate": { "damaged": 0, "damage": 0.058295964125561 }, "model": "number12/3" },
		{ "predicate": { "damaged": 0, "damage": 0.058936579115951 }, "model": "number12/4" },
		{ "predicate": { "damaged": 0, "damage": 0.059577194106342 }, "model": "number12/5" },
		{ "predicate": { "damaged": 0, "damage": 0.060217809096733 }, "model": "number12/6" },
		{ "predicate": { "damaged": 0, "damage": 0.060858424087124 }, "model": "number12/7" },
		{ "predicate": { "damaged": 0, "damage": 0.061499039077514 }, "model": "number12/8" },
		{ "predicate": { "damaged": 0, "damage": 0.062139654067905 }, "model": "number13/1" },
		{ "predicate": { "damaged": 0, "damage": 0.062780269058296 }, "model": "number13/2" },
		{ "predicate": { "damaged": 0, "damage": 0.063420884048687 }, "model": "number13/3" },
		{ "predicate": { "damaged": 0, "damage": 0.064061499039078 }, "model": "number13/4" },
		{ "predicate": { "damaged": 0, "damage": 0.064702114029468 }, "model": "number13/5" },
		{ "predicate": { "damaged": 0, "damage": 0.065342729019859 }, "model": "number13/6" },
		{ "predicate": { "damaged": 0, "damage": 0.06598334401025 }, "model": "number13/7" },
		{ "predicate": { "damaged": 0, "damage": 0.066623959000641 }, "model": "number13/8" },
		{ "predicate": { "damaged": 0, "damage": 0.067264573991031 }, "model": "number14/1" },
		{ "predicate": { "damaged": 0, "damage": 0.067905188981422 }, "model": "number14/2" },
		{ "predicate": { "damaged": 0, "damage": 0.068545803971813 }, "model": "number14/3" },
		{ "predicate": { "damaged": 0, "damage": 0.069186418962204 }, "model": "number14/4" },
		{ "predicate": { "damaged": 0, "damage": 0.069827033952594 }, "model": "number14/5" },
		{ "predicate": { "damaged": 0, "damage": 0.070467648942985 }, "model": "number14/6" },
		{ "predicate": { "damaged": 0, "damage": 0.071108263933376 }, "model": "number14/7" },
		{ "predicate": { "damaged": 0, "damage": 0.071748878923767 }, "model": "number14/8" },
		{ "predicate": { "damaged": 0, "damage": 0.072389493914158 }, "model": "number15/1" },
		{ "predicate": { "damaged": 0, "damage": 0.073030108904548 }, "model": "number15/2" },
		{ "predicate": { "damaged": 0, "damage": 0.073670723894939 }, "model": "number15/3" },
		{ "predicate": { "damaged": 0, "damage": 0.07431133888533 }, "model": "number15/4" },
		{ "predicate": { "damaged": 0, "damage": 0.074951953875721 }, "model": "number15/5" },
		{ "predicate": { "damaged": 0, "damage": 0.075592568866111 }, "model": "number15/6" },
		{ "predicate": { "damaged": 0, "damage": 0.076233183856502 }, "model": "number15/7" },
		{ "predicate": { "damaged": 0, "damage": 0.076873798846893 }, "model": "number15/8" },
		{ "predicate": { "damaged": 0, "damage": 0.077514413837284 }, "model": "number16/1" },
		{ "predicate": { "damaged": 0, "damage": 0.078155028827675 }, "model": "number16/2" },
		{ "predicate": { "damaged": 0, "damage": 0.078795643818065 }, "model": "number16/3" },
		{ "predicate": { "damaged": 0, "damage": 0.079436258808456 }, "model": "number16/4" },
		{ "predicate": { "damaged": 0, "damage": 0.080076873798847 }, "model": "number16/5" },
		{ "predicate": { "damaged": 0, "damage": 0.080717488789238 }, "model": "number16/6" },
		{ "predicate": { "damaged": 0, "damage": 0.081358103779628 }, "model": "number16/7" },
		{ "predicate": { "damaged": 0, "damage": 0.081998718770019 }, "model": "number16/8" },
		{ "predicate": { "damaged": 1 }, "model": "item/diamond_hoe_original" }
	]
}